iters,flask_simple,flask_complex
0,0.001533210976049304,0.0016986810369417071
1,0.0014907770091667771,0.0014822110533714294
2,0.0014394730096682906,0.001483928062953055
3,0.0013586119748651981,0.001523651066236198
4,0.0015399419935420156,0.0013665510341525078
5,0.001525670988485217,0.0014586489414796233
6,0.001460694009438157,0.001372084952890873
7,0.00168830796610564,0.002022844972088933
8,0.0017579080304130912,0.0017683879705145955
9,0.0024372460320591927,0.0015346050495281816
10,0.0018299310468137264,0.0019205879652872682
11,0.0017363609513267875,0.0015017939731478691
12,0.0015472880331799388,0.0014421490486711264
13,0.001632685074582696,0.0014184280298650265
14,0.0014562209835276008,0.0014175230171531439
15,0.0014334310544654727,0.00146397203207016
16,0.001573523972183466,0.0013955059694126248
17,0.002485309960320592,0.0014182410668581724
18,0.0019066559616476297,0.0018459330312907696
19,0.0019455270376056433,0.0015221829526126385
20,0.0016794820548966527,0.00147096102591604
21,0.0015502630267292261,0.0015678799245506525
22,0.001498198020271957,0.001479440019465983
23,0.001581219956278801,0.001437632949091494
24,0.0014477069489657879,0.0015617789467796683
25,0.0015016300603747368,0.0015510469675064087
26,0.0014446539571508765,0.0015311400638893247
27,0.0015464499592781067,0.0018152599222958088
28,0.002313787001185119,0.002202402101829648
29,0.0022888280218467116,0.0020566669991239905
30,0.002067284076474607,0.0023459979565814137
31,0.0015997489681467414,0.0016803769394755363
32,0.0016377030406147242,0.0014910349855199456
33,0.0014512089546769857,0.0014427140122279525
34,0.0016459389589726925,0.0014383719535544515
35,0.0014866520650684834,0.0015310660237446427
36,0.0021556620486080647,0.0014320079935714602
37,0.0020332629792392254,0.0014636130072176456
38,0.0029818270122632384,0.0020059909438714385
39,0.00165210897102952,0.0017014640616253018
40,0.002199986018240452,0.001548792002722621
41,0.0019491639686748385,0.002030333038419485
42,0.0023190589854493737,0.0017200999427586794
43,0.0019146529957652092,0.0014228529762476683
44,0.0015654030721634626,0.0014098490355536342
45,0.0018726810812950134,0.001432392979040742
46,0.002068837988190353,0.0014929620083421469
47,0.0016779520083218813,0.0014806269900873303
48,0.0014413140015676618,0.0014328539837151766
49,0.0014705719659104943,0.001631521969102323
50,0.0015540040330961347,0.0021928679198026657
51,0.001683651003986597,0.002190976054407656
52,0.001648157020099461,0.0021878109546378255
53,0.001508779008872807,0.0019472790881991386
54,0.002410553046502173,0.0018734469776973128
55,0.0016235499642789364,0.0017386260442435741
56,0.0020984290167689323,0.0020979290129616857
57,0.0017992579378187656,0.0025546180550009012
58,0.0015018320409581065,0.001965183997526765
59,0.0014364729868248105,0.002305914997123182
60,0.0015098500298336148,0.0024054079549387097
61,0.0013978739734739065,0.002066230052150786
62,0.0014557340182363987,0.0032979550305753946
63,0.0016050369013100863,0.0018810660112649202
64,0.001447423011995852,0.0018416739767417312
65,0.001592174987308681,0.00232721702195704
66,0.0017570899799466133,0.0025909999385476112
67,0.0016701630083844066,0.0018975239945575595
68,0.0015321190003305674,0.0015411400236189365
69,0.0015526239294558764,0.0014548880280926824
70,0.0013892289716750383,0.0015892309602349997
71,0.0014053420163691044,0.001587052014656365
72,0.0014771270798519254,0.0014518590178340673
73,0.001403458067215979,0.0019430270185694098
74,0.0014521440025418997,0.001875189016573131
75,0.0016282000578939915,0.0016736120451241732
76,0.0024023649748414755,0.001924157957546413
77,0.002011807053349912,0.0017009719740599394
78,0.0015651729190722108,0.0022580389631912112
79,0.0013924110680818558,0.0015912100207060575
80,0.0014244170160964131,0.00160287506878376
81,0.0014091709163039923,0.0014013259205967188
82,0.0013443890493363142,0.0014612410450354218
83,0.0013275709934532642,0.0015194430015981197
84,0.0014031430473551154,0.001472276053391397
85,0.0017580230487510562,0.0014430260052904487
86,0.0019369350047782063,0.0014405749971047044
87,0.0015781070105731487,0.0014331709826365113
88,0.0018179190810769796,0.0014836930204182863
89,0.0015850099734961987,0.0015461479779332876
90,0.0013929209671914577,0.0014566390309482813
91,0.001445624977350235,0.0016020379262045026
92,0.0014239340089261532,0.0014431020244956017
93,0.001716140890493989,0.0014829899882897735
94,0.0020125940209254622,0.001871887012384832
95,0.0015542609617114067,0.0022827129578217864
96,0.001746258931234479,0.0020589129999279976
97,0.0021005079615861177,0.0018960069864988327
98,0.0018920329166576266,0.0016078490298241377
99,0.001400526030920446,0.0014552859356626868
100,0.0014203520258888602,0.0015718520153313875
101,0.0017396709881722927,0.0017436849884688854
102,0.0014782979851588607,0.0016286619938910007
103,0.0013676939997822046,0.0016948640113696456
104,0.0013120139483362436,0.002301172004081309
105,0.0013981260126456618,0.0018072189996019006
106,0.0020322700729593635,0.0021443410078063607
107,0.0015647589461877942,0.0015761719550937414
108,0.0017324149375781417,0.001568293897435069
109,0.0018141180044040084,0.001557511044666171
110,0.0014810870634391904,0.0014485119609162211
111,0.0014605430187657475,0.0016437029698863626
112,0.0013852439587935805,0.0014236350543797016
113,0.0014690069947391748,0.0019207209115847945
114,0.0017956809606403112,0.002475572982802987
115,0.001502649043686688,0.0018951420206576586
116,0.0016672610072419047,0.0017030499875545502
117,0.0016954389866441488,0.001633948995731771
118,0.0017832840094342828,0.0015741069801151752
119,0.0016223819693550467,0.0014762129867449403
120,0.001648453064262867,0.001465533976443112
121,0.0015043779276311398,0.0015849380288273096
122,0.0014086689334362745,0.001492865034379065
123,0.001418120926246047,0.0022632110631093383
124,0.001416258979588747,0.0019857209408655763
125,0.0014182080049067736,0.0025451109977439046
126,0.0018237779149785638,0.0015861029969528317
127,0.0015965200727805495,0.001475260010920465
128,0.002184833982028067,0.0014113819925114512
129,0.0017015310004353523,0.0013877260498702526
130,0.0014323450159281492,0.001441547996364534
131,0.0014405209803953767,0.001424966030754149
132,0.0014883739640936255,0.0015147749800235033
133,0.0014179589925333858,0.0015143679920583963
134,0.001428095973096788,0.0014237849973142147
135,0.0013924749800935388,0.0016566249541938305
136,0.0014631969388574362,0.001629060017876327
137,0.0018166720401495695,0.0017475209897384048
138,0.00198126002214849,0.0017324479995295405
139,0.0016555930487811565,0.0015955169219523668
140,0.0018091369420289993,0.0015924720792099833
141,0.0015524789923802018,0.0015154429711401463
142,0.0013979190262034535,0.0015286989510059357
143,0.0013698519906029105,0.0017125839367508888
144,0.0014765190426260233,0.0021503169555217028
145,0.0013963439268991351,0.0020925619173794985
146,0.0014212889363989234,0.0015523330075666308
147,0.0014556590467691422,0.0014776880852878094
148,0.001472609001211822,0.001447160029783845
149,0.002146983053535223,0.001761915977112949
150,0.0020164630841463804,0.0015916629927232862
151,0.0023366480600088835,0.001393461017869413
152,0.0014629369834437966,0.001383380964398384
153,0.0015331009635701776,0.002109954017214477
154,0.0016192320035770535,0.0016878090100362897
155,0.001603413955308497,0.0017939240206032991
156,0.0015030899085104465,0.0017398269847035408
157,0.0018270430155098438,0.001757299993187189
158,0.0020527810556814075,0.0014274900313466787
159,0.0017381450161337852,0.0014219569275155663
160,0.00212935300078243,0.00135005300398916
161,0.0020802519284188747,0.0014045389834791422
162,0.0016731080831959844,0.0015701469965279102
163,0.0016616500215604901,0.001427016919478774
164,0.001678645028732717,0.0018722949316725135
165,0.0014829239808022976,0.001976397936232388
166,0.0014483260456472635,0.0015482050366699696
167,0.0016107739647850394,0.001434823963791132
168,0.002113080001436174,0.0014105640584602952
169,0.0019892429700121284,0.0015497730346396565
170,0.0017781950300559402,0.0014028620207682252
171,0.0014559320406988263,0.0013996789930388331
172,0.0015287009300664067,0.0013723850715905428
173,0.0015580300241708755,0.0014479380333796144
174,0.0018994909478351474,0.002130103064700961
175,0.0019027868984267116,0.002079939004033804
176,0.0022614100016653538,0.0018254839815199375
177,0.0018035330576822162,0.0018296980997547507
178,0.0022767119808122516,0.0014747199602425098
179,0.001861202996224165,0.001553027075715363
180,0.0020921160466969013,0.0018774130148813128
181,0.002057036035694182,0.002434183959849179
182,0.0020586230093613267,0.0018487400375306606
183,0.0014213159447535872,0.0020787540124729276
184,0.0014357909094542265,0.0028035949217155576
185,0.0016582260141149163,0.0019648809684440494
186,0.0015522660687565804,0.0014297469751909375
187,0.0016368079232051969,0.0015087799401953816
188,0.0014771160203963518,0.001442225999198854
189,0.0014177060220390558,0.0015001859283074737
190,0.0015591339906677604,0.001557733048684895
191,0.0014201400335878134,0.0014075370272621512
192,0.001593895023688674,0.0014468430308625102
193,0.001479300088249147,0.0020874360343441367
194,0.0014033030020073056,0.001693689962849021
195,0.0015027819899842143,0.002020379062741995
196,0.0014091678895056248,0.00170680892188102
197,0.0017474431078881025,0.0015736119821667671
198,0.0026340410113334656,0.001416643033735454
199,0.001638319925405085,0.0014779369812458754
200,0.0015541129978373647,0.001433779951184988
201,0.0015238270862028003,0.0014182591112330556
202,0.0016310750506818295,0.0014022369869053364
203,0.0014370280550792813,0.0015967090148478746
204,0.001321651041507721,0.0014745660591870546
205,0.0015288270078599453,0.00146240193862468
206,0.0022082210052758455,0.0014848429709672928
207,0.001716597005724907,0.001417765044607222
208,0.001722009968943894,0.0014126580208539963
209,0.0022382360184565187,0.0015116380527615547
210,0.00142705999314785,0.0013698600232601166
211,0.0013653570786118507,0.0015469230711460114
212,0.0014675549464300275,0.001504624029621482
213,0.0013838239246979356,0.0014607160119339824
214,0.0014035790227353573,0.0014109500916674733
215,0.001420187996700406,0.001570726977661252
216,0.001413788995705545,0.002364746993407607
217,0.0017083730781450868,0.0017318939790129662
218,0.002098417025990784,0.001636910019442439
219,0.0018030399223789573,0.0016316539840772748
220,0.0014931439654901624,0.0014752510469406843
221,0.0014583709416911006,0.001379114924930036
222,0.0014662690227851272,0.0013987929560244083
223,0.0014029820449650288,0.0016708880430087447
224,0.0014250979293137789,0.0018112569814547896
225,0.001549796899780631,0.0019356479169800878
226,0.0015657339245080948,0.001563587924465537
227,0.0021176410373300314,0.0019164590630680323
228,0.0014404469402506948,0.0015859539853408933
229,0.0016551739536225796,0.0013515509199351072
230,0.0018237830372527242,0.0014227539068087935
231,0.001563914935104549,0.001483664964325726
232,0.0014760741032660007,0.0015388509491458535
233,0.0014086189912632108,0.001761625986546278
234,0.00141200702637434,0.0015554390847682953
235,0.0016519170021638274,0.0018023611046373844
236,0.0015355380019173026,0.002312568947672844
237,0.001572218956425786,0.0020599629497155547
238,0.0015567080117762089,0.0016126950504258275
239,0.001467033987864852,0.0014627380296587944
240,0.0015432920772582293,0.0015363689744845033
241,0.0014774269657209516,0.0014684019843116403
242,0.0014874819898977876,0.0016968919662758708
243,0.001439568935893476,0.0014846110716462135
244,0.001473624026402831,0.0017289320239797235
245,0.001478436985053122,0.0019163239048793912
246,0.001391525031067431,0.0016424590721726418
247,0.0013975630281493068,0.001918938010931015
248,0.0015030200593173504,0.0015237740008160472
249,0.0016105140093713999,0.0014798289630562067
250,0.0023794969310984015,0.0014709500828757882
251,0.0017750110710039735,0.001389776007272303
252,0.0014476090436801314,0.001401206012815237
253,0.0014096960658207536,0.0013261829735711217
254,0.0014275229768827558,0.0014283460332080722
255,0.0014065359719097614,0.0016687120078131557
256,0.0013892550487071276,0.0015000730054453015
257,0.0014400560176,0.0014019779628142715
258,0.001457697944715619,0.001441136933863163
259,0.0020551239140331745,0.0013730130158364773
260,0.001667727017775178,0.001608466962352395
261,0.001812177011743188,0.001543689053505659
262,0.0017871999880298972,0.0014875319320708513
263,0.0014667799696326256,0.001446868060156703
264,0.001389348995871842,0.0015257239574566483
265,0.00140444899443537,0.0017228979850187898
266,0.001354432082735002,0.001628943020477891
267,0.0016335929976776242,0.001979104010388255
268,0.0014138809638097882,0.002215916058048606
269,0.001363998046144843,0.0017277590231969953
270,0.001593371038325131,0.0015637219185009599
271,0.0022726970491930842,0.0014877879293635488
272,0.0021188140381127596,0.0015246820403262973
273,0.0018741530366241932,0.0014969150070101023
274,0.0018176620360463858,0.0015865908935666084
275,0.00246939598582685,0.001502581057138741
276,0.0028398059075698256,0.002271131961606443
277,0.003666937001980841,0.0018744859844446182
278,0.003188632894307375,0.0022897099843248725
279,0.00351889303419739,0.0018293580505996943
280,0.0026322799967601895,0.0019376080017536879
281,0.0016838780138641596,0.0016500819474458694
282,0.0022539449855685234,0.0014762970386072993
283,0.0024096390698105097,0.0015726350247859955
284,0.0029405509121716022,0.0020821959478780627
285,0.0030433739302679896,0.0018198780016973615
286,0.0025612940080463886,0.0025626980932429433
287,0.0021335450001060963,0.002244360977783799
288,0.0016330539947375655,0.0018583500059321523
289,0.0017066110158339143,0.0014925849391147494
290,0.0021616549929603934,0.0016131120501086116
291,0.002213665982708335,0.0021439730189740658
292,0.0020079798996448517,0.002087542088702321
293,0.0024002629797905684,0.0028653510380536318
294,0.0015591540141031146,0.0021662390790879726
295,0.0015129719395190477,0.002754952060058713
296,0.001478451071307063,0.0018534018890932202
297,0.0014332999708130956,0.0015847360482439399
298,0.0013741980073973536,0.0016793940449133515
299,0.0014544948935508728,0.0014954300131648779
300,0.0016694889636710286,0.0015095170820131898
301,0.001780460006557405,0.0014263689517974854
302,0.0016514880117028952,0.0015819959808140993
303,0.0014883650001138449,0.0021090819500386715
304,0.0016317119589075446,0.0018297709757462144
305,0.0014710399555042386,0.0015076900599524379
306,0.0014980749692767859,0.0014595540706068277
307,0.0015281990636140108,0.0016221370315179229
308,0.0014204028993844986,0.001563185011036694
309,0.0014272480038926005,0.001750783994793892
310,0.00154866895172745,0.001749782939441502
311,0.0014579540584236383,0.0015287239803001285
312,0.0021057809935882688,0.0023953980999067426
313,0.0022829140070825815,0.002335181925445795
314,0.0017407630803063512,0.002836485975421965
315,0.0014630119549110532,0.0023340999614447355
316,0.0016764579340815544,0.0023728280793875456
317,0.0016768800560384989,0.002409042092040181
318,0.0015026170294731855,0.0023138270480558276
319,0.001535948016680777,0.00224010506644845
320,0.0016472350107505918,0.002115634037181735
321,0.002237990964204073,0.001787559944204986
322,0.0015226519899442792,0.0017193189123645425
323,0.0021205469965934753,0.0017547360621392727
324,0.0016115490579977632,0.0014927599113434553
325,0.0014623570023104548,0.001415551989339292
326,0.0013860480394214392,0.0015400570118799806
327,0.001584709039889276,0.0014509910251945257
328,0.0014372359728440642,0.0014386039692908525
329,0.00155846297275275,0.001662786933593452
330,0.0014494890347123146,0.0024952959502115846
331,0.0017097820527851582,0.0020198719576001167
332,0.001973439007997513,0.0017103829886764288
333,0.0019991659792140126,0.0017337220488116145
334,0.001573408953845501,0.00169283093418926
335,0.001504710060544312,0.001462506945244968
336,0.0015841559506952763,0.001718762912787497
337,0.001564874080941081,0.0015148670645430684
338,0.001530605019070208,0.0020461230305954814
339,0.0014721929328516126,0.0016313140513375401
340,0.0016077340114861727,0.0017078339587897062
341,0.0023812910076230764,0.0017495040083304048
342,0.0016551000298932195,0.0014094349462538958
343,0.0020056910580024123,0.0013805669732391834
344,0.0016192368930205703,0.0014259479939937592
345,0.0015053190290927887,0.0014203720493242145
346,0.0015316519420593977,0.0014679300365969539
347,0.001570063061080873,0.00180860108230263
348,0.0015512050595134497,0.0015062789898365736
349,0.0014890050515532494,0.0018174380529671907
350,0.0014789870474487543,0.0023977189557626843
351,0.001939463079907,0.0017277640290558338
352,0.001612176070921123,0.0015152149135246873
353,0.0016702719731256366,0.0013961029471829534
354,0.0015230269636958838,0.0014981889398768544
355,0.001530342036858201,0.0015181089984253049
356,0.00159192003775388,0.001592405023984611
357,0.001612015999853611,0.00155164604075253
358,0.0014385540271177888,0.0021002970170229673
359,0.0013762239832431078,0.001974283019080758
360,0.0013628550805151463,0.0018979019951075315
361,0.001568490988574922,0.001943856943398714
362,0.0016504370141774416,0.0015743760159239173
363,0.0023496089270338416,0.00162075599655509
364,0.0015201169298961759,0.0015058020362630486
365,0.0014446889981627464,0.0014304909855127335
366,0.001721907057799399,0.0015393829671666026
367,0.001431798911653459,0.001535440911538899
368,0.0014434969052672386,0.0015746349235996604
369,0.0014544390141963959,0.0016596169443801045
370,0.0014663910260424018,0.0015429169870913029
371,0.0019588270224630833,0.001591176027432084
372,0.002024431014433503,0.0015741870738565922
373,0.0015804710565134883,0.0018796480726450682
374,0.00197525299154222,0.0017212131060659885
375,0.0020781400380656123,0.0015983959892764688
376,0.0015346270520240068,0.0014774400042369962
377,0.0014497739030048251,0.0014868030557408929
378,0.001504243933595717,0.001592840999364853
379,0.0015059090219438076,0.001810750924050808
380,0.001463536056689918,0.002117175026796758
381,0.0014401919906958938,0.0016155359335243702
382,0.0016975959297269583,0.0014775710878893733
383,0.0021229380508884788,0.0014181130100041628
384,0.001793868956156075,0.0014633099781349301
385,0.0020456239581108093,0.001399780041538179
386,0.0018616109155118465,0.001360625959932804
387,0.0017252810066565871,0.0013885749503970146
388,0.0019583989633247256,0.001397800981067121
389,0.002287556999363005,0.0020351039711385965
390,0.0023259399458765984,0.0017103139543905854
391,0.0018086490454152226,0.001896961941383779
392,0.001797987031750381,0.0017330439295619726
393,0.0020952409831807017,0.0015100259333848953
394,0.001756576937623322,0.0014203269965946674
395,0.001711864024400711,0.0016317600384354591
396,0.0025090599665418267,0.0016047440003603697
397,0.0027101170271635056,0.0017592229414731264
398,0.0021229450358077884,0.0015574359567835927
399,0.0022813520627096295,0.0015110400272533298
400,0.003048395039513707,0.0019435180583968759
401,0.0029493659967556596,0.0020307699451223016
402,0.00199473206885159,0.001623840071260929
403,0.0016781670274212956,0.0014081080444157124
404,0.0018064940813928843,0.0014874590560793877
405,0.0022602909011766315,0.0015484880423173308
406,0.002492984989657998,0.0013993110042065382
407,0.002589212963357568,0.001351212034933269
408,0.0019411920802667737,0.001567775965668261
409,0.001682814909145236,0.001694326987490058
410,0.0014979200204834342,0.001993612037040293
411,0.0014286269433796406,0.0015026149339973927
412,0.001488561974838376,0.0020547290332615376
413,0.0015145300421863794,0.001646334072574973
414,0.0016904529184103012,0.0014272319385781884
415,0.0016200300306081772,0.001494094030931592
416,0.0015558289596810937,0.001942015951499343
417,0.0016450219554826617,0.0014555110828951001
418,0.0014741119230166078,0.0014230969827622175
419,0.0014424159890040755,0.0014377000043168664
420,0.0015006029279902577,0.0016211860347539186
421,0.001452272990718484,0.0020848249550908804
422,0.0016686390154063702,0.0017753250431269407
423,0.0020552240312099457,0.001383870025165379
424,0.0021615499863401055,0.001417185994796455
425,0.00208439608104527,0.001457137055695057
426,0.001823056023567915,0.0014237579889595509
427,0.002132005989551544,0.00211868598125875
428,0.0030058668926358223,0.0014698070008307695
429,0.0020232379902154207,0.0013736659893766046
430,0.0015883960295468569,0.002077545039355755
431,0.0015498069114983082,0.0015328910667449236
432,0.001522599020972848,0.0018411140190437436
433,0.002395691000856459,0.0023058190708979964
434,0.0018623099895194173,0.0016432569827884436
435,0.0021344140404835343,0.002394346985965967
436,0.0020219830330461264,0.0016717930557206273
437,0.001680426998063922,0.0015313279582187533
438,0.0019423889461904764,0.0016949900891631842
439,0.0019218699308112264,0.0019194589694961905
440,0.0016454000724479556,0.0015162830241024494
441,0.0016056600725278258,0.0016630869358778
442,0.00198281102348119,0.0014858059585094452
443,0.0023315190337598324,0.0014916129875928164
444,0.0019403169862926006,0.001645763055421412
445,0.0017656420823186636,0.0015976919094100595
446,0.0016977969789877534,0.0014902560506016016
447,0.0017981090350076556,0.001449973089620471
448,0.0015773670747876167,0.0014801019569858909
449,0.0016115870093926787,0.0015494769904762506
450,0.0015594909200444818,0.002080386970192194
451,0.0024988630320876837,0.002186311990953982
452,0.0017285600770264864,0.0015591919654980302
453,0.0021534019615501165,0.0015590479597449303
454,0.0019275080412626266,0.001601175987161696
455,0.0017190509242936969,0.001498650060966611
456,0.0015635800082236528,0.0018043839372694492
457,0.001816391944885254,0.0014789190609008074
458,0.0018741769017651677,0.00145131500903517
459,0.0018449750496074557,0.0020905049750581384
460,0.001815363997593522,0.002133987029083073
461,0.0019160530064255,0.001839425996877253
462,0.001782634062692523,0.0018506950000301003
463,0.0019065729575231671,0.0016050849808380008
464,0.001986699993722141,0.0014806590043008327
465,0.0017840040381997824,0.001573347020894289
466,0.0016815679846331477,0.001516068005003035
467,0.0016170860035344958,0.0014876869972795248
468,0.0016089329728856683,0.0015552820404991508
469,0.0018436589743942022,0.0021311730379238725
470,0.002512925071641803,0.0024331179447472095
471,0.0023090169997885823,0.002318969927728176
472,0.0023160609416663647,0.0019424769561737776
473,0.002286332077346742,0.0016527021070942283
474,0.0024218319449573755,0.0014709880342707038
475,0.002061694976873696,0.0015978880692273378
476,0.00279690301977098,0.001616206020116806
477,0.001926640048623085,0.0014742930652573705
478,0.0016984809190034866,0.002271582023240626
479,0.002696065930649638,0.0017162280855700374
480,0.00226352596655488,0.0017875629710033536
481,0.00225730799138546,0.002031813026405871
482,0.002236808999441564,0.0021500570001080632
483,0.002148058032616973,0.0015619270270690322
484,0.002395777963101864,0.0013878180179744959
485,0.002107620006427169,0.0014603009913116693
486,0.001824775943532586,0.0014479350065812469
487,0.0017261469038203359,0.001442347071133554
488,0.0017255509737879038,0.001500213984400034
489,0.0016381560126319528,0.0015033729141578078
490,0.0018501218874007463,0.0015242040390148759
491,0.001706775976344943,0.0013865310465916991
492,0.0018324520206078887,0.001357662957161665
493,0.002296515041962266,0.0014623330207541585
494,0.0016476749442517757,0.0014489809982478619
495,0.0022107299882918596,0.001600203919224441
496,0.001816114061512053,0.0015517669962719083
497,0.0014728789683431387,0.0013883709907531738
498,0.0016133320750668645,0.0013991789892315865
499,0.0014451280003413558,0.0015338159864768386
500,0.001731179072521627,0.001892755040898919
501,0.0017045469721779227,0.001977039035409689
502,0.0017312780255451798,0.0014712039846926928
503,0.0019790619844570756,0.0014137389371171594
504,0.0020708900410681963,0.0013634479837492108
505,0.0018370880279690027,0.0014146200846880674
506,0.0016450750408694148,0.0015022350708022714
507,0.001585560035891831,0.0014515860239043832
508,0.0017506900476291776,0.0015722839161753654
509,0.0018163559725508094,0.001513405004516244
510,0.0019222430419176817,0.0020497849909588695
511,0.0024284670362249017,0.0016145450063049793
512,0.0017908680019900203,0.0016985749825835228
513,0.0020536009687930346,0.0022799100261181593
514,0.0017031199531629682,0.0023376070894300938
515,0.0018550889799371362,0.002199057023972273
516,0.0015490730293095112,0.0016693739453330636
517,0.0015176640590652823,0.0014824190875515342
518,0.0018163769273087382,0.0015351780457422137
519,0.0016535059548914433,0.0018868260085582733
520,0.0016455389559268951,0.002310112933628261
521,0.001579244970344007,0.0017480169190093875
522,0.0014899169327691197,0.001577713992446661
523,0.0016797869466245174,0.0013912259601056576
524,0.002026351052336395,0.0014493570197373629
525,0.001645199954509735,0.0014030990423634648
526,0.0015234899474307895,0.0014157539699226618
527,0.0016492810100317001,0.0016534440219402313
528,0.0015515399863943458,0.001595125999301672
529,0.0014419950312003493,0.0021281649824231863
530,0.0015136169968172908,0.0016197350341826677
531,0.001561539014801383,0.0018176320008933544
532,0.002050065086223185,0.0017929340247064829
533,0.0019791299710050225,0.0015326120192185044
534,0.0019682919373735785,0.0014952720375731587
535,0.0015140499453991652,0.0015073369722813368
536,0.0015287080314010382,0.0014301290502771735
537,0.001599202980287373,0.0015487449709326029
538,0.0014859220245853066,0.001503403065726161
539,0.0014768660767003894,0.0016790460795164108
540,0.001462858053855598,0.001934889005497098
541,0.002273371908813715,0.0022342129377648234
542,0.0016203459817916155,0.0015865530585870147
543,0.0017815069295465946,0.0014644920593127608
544,0.001663136063143611,0.001546679064631462
545,0.0015495710540562868,0.0015429320046678185
546,0.0014239350566640496,0.0016814739210531116
547,0.0014883920084685087,0.00155544001609087
548,0.001568111008964479,0.0014768840046599507
549,0.0018055120017379522,0.002394059905782342
550,0.002066351007670164,0.0016810090746730566
551,0.004092246992513537,0.002098067896440625
552,0.0028044850332662463,0.0018021509749814868
553,0.002979693002998829,0.0017008769791573286
554,0.0023845239775255322,0.00171935698017478
555,0.002590851974673569,0.0016622350085526705
556,0.003136805957183242,0.001501934020780027
557,0.0024731119628995657,0.0016762110171839595
558,0.002450084895826876,0.0017136060632765293
559,0.002269319025799632,0.0015429179184138775
560,0.0022397879511117935,0.0016896339366212487
561,0.002034440985880792,0.0014777049655094743
562,0.001494094030931592,0.0014083690475672483
563,0.0013732640072703362,0.0017686310457065701
564,0.0015600130427628756,0.001471637049689889
565,0.0015918760327622294,0.0014637189451605082
566,0.001540911034680903,0.0015663770027458668
567,0.0015205719973891973,0.0015206480165943503
568,0.0014372480800375342,0.0016921119531616569
569,0.0018473799573257565,0.0014909179881215096
570,0.001526150037534535,0.0019711729837581515
571,0.0013983749086037278,0.00228574697393924
572,0.0013900030171498656,0.0018343389965593815
573,0.0013953340239822865,0.0014062289847061038
574,0.0013873089337721467,0.0014109850162640214
575,0.0013803238980472088,0.0014742150669917464
576,0.0014352330472320318,0.0014287109952419996
577,0.0030114559922367334,0.0016813710099086165
578,0.0023499500239267945,0.0017986380262300372
579,0.0016744359163567424,0.00238779210485518
580,0.0018321539973840117,0.0017874629702419043
581,0.001689255004748702,0.002195214037783444
582,0.0016198930097743869,0.001575147034600377
583,0.0016707390313968062,0.0015378139214590192
584,0.0023117540404200554,0.0016953028971329331
585,0.0017509559402242303,0.0015184540534392
586,0.0020887439604848623,0.0015213500009849668
587,0.0017305680084973574,0.0017405119724571705
588,0.0015426729805767536,0.0015021810540929437
589,0.001446124049834907,0.002158942981623113
590,0.0014398450730368495,0.0021530200028792024
591,0.0014149079797789454,0.0019379419973120093
592,0.0015929139917716384,0.0018548639491200447
593,0.0014511409681290388,0.0015424819430336356
594,0.0018893519882112741,0.002730506006628275
595,0.0021790899336338043,0.002250234014354646
596,0.002135494025424123,0.0016150949522852898
597,0.0020467350259423256,0.002140217926353216
598,0.0014950759941712022,0.0015378009993582964
599,0.0014407890848815441,0.0018774999771267176
600,0.0013680640840902925,0.001593977096490562
601,0.0013581659877672791,0.0014533429639413953
602,0.001414904952980578,0.0014525470323860645
603,0.0017108129104599357,0.0014094520593062043
604,0.0022429859964177012,0.0014761969214305282
605,0.0015486720949411392,0.0014422689564526081
606,0.001655949978157878,0.0014756809687241912
607,0.0020074989879503846,0.0016564549878239632
608,0.0015254940371960402,0.0016939860070124269
609,0.0014326870441436768,0.0015140039613470435
610,0.0013762819580733776,0.0014678420266136527
611,0.0013740630820393562,0.0015576659934595227
612,0.0014966209419071674,0.0014559139963239431
613,0.0014368679840117693,0.0016426730435341597
614,0.0013837340520694852,0.0015838410472497344
615,0.0018081840826198459,0.0017016440397128463
616,0.001996321021579206,0.001619335962459445
617,0.001624422031454742,0.0017840079963207245
618,0.001443771063350141,0.0018912740051746368
619,0.0014678980223834515,0.0020669460063800216
620,0.0015273219905793667,0.0016266569728031754
621,0.0014183539897203445,0.001415136968716979
622,0.0014943459536880255,0.00142405997030437
623,0.0013953630113974214,0.0014219649601727724
624,0.0014120920095592737,0.001403221976943314
625,0.002298912964761257,0.0013825420755892992
626,0.0017000410007312894,0.0014174440875649452
627,0.001855081063695252,0.001510114991106093
628,0.0019350890070199966,0.0021476310212165117
629,0.0014571220381185412,0.0017090049805119634
630,0.0013873380376026034,0.001659669098444283
631,0.001372908940538764,0.0017715930007398129
632,0.0014620019355788827,0.0014785761013627052
633,0.0014377239858731627,0.001426507020369172
634,0.0014292889973148704,0.0014423730317503214
635,0.0014894050545990467,0.0014027939178049564
636,0.0015053299721330404,0.0020574909867718816
637,0.0014593409141525626,0.0018276739865541458
638,0.0014810300199314952,0.0018216540338471532
639,0.0015570310642942786,0.0024215199518948793
640,0.0014976500533521175,0.0025680999970063567
641,0.0014713399577885866,0.0019763880409300327
642,0.001436589052900672,0.0015198680339381099
643,0.0014143469743430614,0.0016962999943643808
644,0.0014503670390695333,0.0016033380525186658
645,0.001366185024380684,0.0016829910455271602
646,0.0014275979483500123,0.0018056549597531557
647,0.0015157479792833328,0.002284004003740847
648,0.002104894956573844,0.001619798014871776
649,0.0018031180370599031,0.0021849869517609477
650,0.0015055469702929258,0.0022647520527243614
651,0.0015097949653863907,0.0018781610997393727
652,0.0014865020057186484,0.0016960640205070376
653,0.0014347969554364681,0.0015975979622453451
654,0.0014583219308406115,0.0015661059878766537
655,0.0014342500362545252,0.0015066920313984156
656,0.0015242769150063396,0.0017798629123717546
657,0.0021431209752336144,0.0021179328905418515
658,0.0018919720314443111,0.0018640939379110932
659,0.0016653049970045686,0.0015985470963642001
660,0.0017795109888538718,0.0017600760329514742
661,0.0014536839444190264,0.001813609036616981
662,0.0015137189766392112,0.0016363440081477165
663,0.001528605935163796,0.001905858051031828
664,0.001489112968556583,0.0015575949801132083
665,0.0017046199645847082,0.0022279209224507213
666,0.0020845290273427963,0.0019277599640190601
667,0.0017424649558961391,0.002372755901888013
668,0.0021195440785959363,0.0020021660020574927
669,0.0020332960411906242,0.0017649000510573387
670,0.0015944610349833965,0.0017255439888685942
671,0.0014377170009538531,0.001774701988324523
672,0.0015205990057438612,0.0017181140137836337
673,0.0013961360091343522,0.001779154990799725
674,0.0013556129997596145,0.0018823719583451748
675,0.0014005330158397555,0.0018130600219592452
676,0.0014014040352776647,0.006373235955834389
677,0.0021048139315098524,0.0020465200068429112
678,0.0016611330211162567,0.001831052009947598
679,0.0017644449835643172,0.0018394710496068
680,0.0018845259910449386,0.0017781530041247606
681,0.001424441928975284,0.002644718042574823
682,0.001418869011104107,0.0021298310020938516
683,0.0014020920498296618,0.0016275590751320124
684,0.0014472079928964376,0.0015014240052551031
685,0.001511209993623197,0.0015727969584986567
686,0.0014324840158224106,0.0015176489250734448
687,0.0015068809734657407,0.0014753859722986817
688,0.0017214230028912425,0.0016313859960064292
689,0.0015674149617552757,0.0017892890609800816
690,0.0015192370628938079,0.0023311449913308024
691,0.0014770940179005265,0.0019871819531545043
692,0.0016354928957298398,0.0022531250724568963
693,0.001832484034821391,0.001791930990293622
694,0.0019172519678249955,0.0016667399322614074
695,0.001740751089528203,0.0018387369345873594
696,0.0014997739344835281,0.0019651809707283974
697,0.0015457060653716326,0.001827770029194653
698,0.001623217947781086,0.001638054964132607
699,0.002092318027280271,0.0017663129838183522
700,0.002142952987924218,0.002129297936335206
701,0.0017102420097216964,0.0018342169933021069
702,0.0015804299619048834,0.0016192819457501173
703,0.00150129699613899,0.0016926450189203024
704,0.0014664259506389499,0.0018802660051733255
705,0.0013859000755473971,0.0014348840340971947
706,0.001376359025016427,0.001440288033336401
707,0.0015048249624669552,0.0015134629793465137
708,0.002096799900755286,0.002187317004427314
709,0.0015925110783427954,0.0015681619988754392
710,0.0016897049499675632,0.0017484070267528296
711,0.0017878370126709342,0.0017686280189082026
712,0.001528889057226479,0.0015795850194990635
713,0.0014598339330404997,0.00153802998829633
714,0.0014292150735855103,0.0015068149659782648
715,0.0014563390286639333,0.001476106932386756
716,0.0014274310087785125,0.0014517010422423482
717,0.001422989065758884,0.00142543890979141
718,0.0014464699197560549,0.0014859288930892944
719,0.0016978359781205654,0.0015347169246524572
720,0.0021039319690316916,0.0014296949375420809
721,0.0015968650113791227,0.0014699939638376236
722,0.0014501919504255056,0.0014877429930493236
723,0.0015058339340612292,0.0015027590561658144
724,0.0014963630819693208,0.0014754919102415442
725,0.0016085660317912698,0.001520519028417766
726,0.0014301310293376446,0.0015113409608602524
727,0.0014037690125405788,0.0014644890325143933
728,0.001390487072058022,0.0014344899682328105
729,0.0019651849288493395,0.0014774559531360865
730,0.0017109710024669766,0.0018743789987638593
731,0.0015957709401845932,0.0022095548920333385
732,0.001997411949560046,0.0016997370403259993
733,0.0015333060873672366,0.0017662090249359608
734,0.0015424609882757068,0.001989946002140641
735,0.0014154160162433982,0.002095511998049915
736,0.001400526030920446,0.00210549496114254
737,0.0014072819612920284,0.0016229019965976477
738,0.0014155230019241571,0.0021439240081235766
739,0.0013892869465053082,0.002128666965290904
740,0.0014420129591599107,0.0019959009950980544
741,0.001898127025924623,0.0018602280179038644
742,0.0019361530430614948,0.0017670689849182963
743,0.0014553809305652976,0.0018296140478923917
744,0.0013618690427392721,0.001563700963743031
745,0.0014034149935469031,0.001762680010870099
746,0.0014867549762129784,0.0015487520722672343
747,0.0014441499952226877,0.0017903329571709037
748,0.0014301019255071878,0.002380362944677472
749,0.001363792922347784,0.0022033770801499486
750,0.0014073950005695224,0.0017903330735862255
751,0.0022998310159891844,0.001579627045430243
752,0.0017035750206559896,0.0013611579779535532
753,0.002156859030947089,0.0014334419975057244
754,0.0015455270186066628,0.0013744529569521546
755,0.0015904959291219711,0.001393717946484685
756,0.0016965590184554458,0.0013744710013270378
757,0.0016525440150871873,0.001662786933593452
758,0.001514582079835236,0.0023319540778174996
759,0.0014567360049113631,0.0015178350731730461
760,0.0016118389321491122,0.0018827500753104687
761,0.0016388699878007174,0.0015467910561710596
762,0.0020721369655802846,0.001551895053125918
763,0.0015270860167220235,0.0015829280018806458
764,0.0014897310175001621,0.0014764259103685617
765,0.0020900609670206904,0.0014570250641554594
766,0.0024203970097005367,0.0014039688976481557
767,0.002500190050341189,0.0015689450083300471
768,0.002366453059948981,0.001806718995794654
769,0.0020782019710168242,0.0021876010578125715
770,0.0017152319196611643,0.0017565200105309486
771,0.002182431984692812,0.0014086440205574036
772,0.001862388919107616,0.0014616569969803095
773,0.0016019030008465052,0.0014151859795674682
774,0.001698150997981429,0.0013912810245528817
775,0.0017719889292493463,0.0013869900722056627
776,0.0017748440150171518,0.0018466300098225474
777,0.0015401080017909408,0.0014884679112583399
778,0.0025720869889482856,0.002222964074462652
779,0.0019426109502092004,0.0014959650579839945
780,0.0021324759582057595,0.0018655969761312008
781,0.0016170550370588899,0.0017497349763289094
782,0.0014257390284910798,0.0015673489542677999
783,0.0014544930309057236,0.001440444029867649
784,0.0014012249885126948,0.001549344975501299
785,0.0014624559553340077,0.0015911560039967299
786,0.0014607650227844715,0.001494118943810463
787,0.0014886320568621159,0.0014978540129959583
788,0.0015952239045873284,0.0014969980111345649
789,0.0021452190121635795,0.00184510403778404
790,0.002175847999751568,0.00153373705688864
791,0.0015458540292456746,0.001511916983872652
792,0.001452437019906938,0.0014558950206264853
793,0.0016175690107047558,0.001473077922128141
794,0.00156378501560539,0.0014609459321945906
795,0.0014391510048881173,0.0014311060076579452
796,0.001637654029764235,0.0013975690817460418
797,0.0014996880199760199,0.0013734240783378482
798,0.00221201591193676,0.001487103058025241
799,0.0015638649929314852,0.0014804400270804763
800,0.0018065710319206119,0.0017813770100474358
801,0.0018814669456332922,0.0021603709319606423
802,0.0016257200622931123,0.0016974739264696836
803,0.0014833769528195262,0.0016773960087448359
804,0.0014791149878874421,0.0015675449976697564
805,0.001422723988071084,0.001681298017501831
806,0.0014562259893864393,0.00162252108566463
807,0.0014191329246386886,0.0014785189414396882
808,0.0015555289573967457,0.0015966779319569468
809,0.0016248779138550162,0.0025601600063964725
810,0.0017683419864624739,0.0018528560176491737
811,0.0016495139570906758,0.002030404983088374
812,0.0014661570312455297,0.001636262983083725
813,0.0016118460334837437,0.0013659149408340454
814,0.0014599509304389358,0.0014160240534693003
815,0.0015781890833750367,0.0014447139110416174
816,0.0014570810599252582,0.0013999490765854716
817,0.0014504030114039779,0.0019460159819573164
818,0.0015151079278439283,0.001865670084953308
819,0.0016177380457520485,0.00192491605412215
820,0.002342088962905109,0.002061947016045451
821,0.002056145924143493,0.0017737009329721332
822,0.0015804360155016184,0.001490386901423335
823,0.0013807049253955483,0.0015592409763485193
824,0.0015163369243964553,0.0017250740202143788
825,0.0014951239572837949,0.0015035199467092752
826,0.0014800619101151824,0.0014368569245561957
827,0.0013975430047139525,0.0013956030597910285
828,0.001427916926331818,0.00141857098788023
829,0.0022838410222902894,0.002187962061725557
830,0.0017254400299862027,0.0016703909495845437
831,0.001768584013916552,0.0021260729990899563
832,0.0016777560813352466,0.0018628580728545785
833,0.0013996690977364779,0.001604985911399126
834,0.0015866580652073026,0.0014788249973207712
835,0.0015930699883028865,0.0015976439462974668
836,0.0013783460017293692,0.001581795047968626
837,0.001406435971148312,0.0015700019430369139
838,0.001448918948881328,0.0017915030475705862
839,0.0014831549488008022,0.001709801028482616
840,0.0020389790879562497,0.0015654220478609204
841,0.0019684280268847942,0.0016077259788289666
842,0.001553273992612958,0.0014605310279875994
843,0.0014081750996410847,0.0017373739974573255
844,0.0013724199961870909,0.0015546990325674415
845,0.001395065919496119,0.0016705290181562304
846,0.001393429934978485,0.0016057860339060426
847,0.0014257790753617883,0.0016160350060090423
848,0.0014818799681961536,0.0016680880216881633
849,0.0013946229591965675,0.0019632700132206082
850,0.002671821042895317,0.002492504077963531
851,0.001551116001792252,0.0019178750226274133
852,0.001915150904096663,0.001554751070216298
853,0.0016492520226165652,0.001473100041039288
854,0.001459146966226399,0.0014837919734418392
855,0.001935511943884194,0.0016145630506798625
856,0.0017289029201492667,0.0015047950437292457
857,0.0019400300225242972,0.0014888969017192721
858,0.002347365953028202,0.002678557997569442
859,0.0026009539142251015,0.0023895789636299014
860,0.0030419370159506798,0.0020184320164844394
861,0.002324545057490468,0.0017561530694365501
862,0.002194638946093619,0.0014006108976900578
863,0.002150718937627971,0.0015291610034182668
864,0.0015771060716360807,0.0014917399967089295
865,0.0016263070283457637,0.0014442990068346262
866,0.002418986987322569,0.0014272610424086452
867,0.0028895229334011674,0.0017549220938235521
868,0.003377410932444036,0.0017670280067250133
869,0.002743148012086749,0.0025234619388356805
870,0.0028648009756579995,0.0019125869730487466
871,0.0027067179325968027,0.0015990299871191382
872,0.002787744044326246,0.0014521779958158731
873,0.0020774309523403645,0.0015829510521143675
874,0.0016807089559733868,0.0016757670091465116
875,0.0015657360199838877,0.0015326120192185044
876,0.0019492990104481578,0.0014697820879518986
877,0.0016515670577064157,0.0024181159678846598
878,0.0018481520237401128,0.001730354968458414
879,0.0016332759987562895,0.0025947759859263897
880,0.0016443340573459864,0.0019383609760552645
881,0.0019046280067414045,0.0017005089903250337
882,0.0026315050199627876,0.0018320149974897504
883,0.0018205400556325912,0.0017015839694067836
884,0.0016358069842681289,0.0017094590002670884
885,0.001490246970206499,0.0016380510060116649
886,0.0014203640166670084,0.0016572169261053205
887,0.0016445410437881947,0.002184941084124148
888,0.0015928789507597685,0.0020686209900304675
889,0.0017480760579928756,0.0016326101031154394
890,0.0021542280446738005,0.0015399761032313108
891,0.002140577998943627,0.0015227399999275804
892,0.0016451029805466533,0.001543705933727324
893,0.001963712042197585,0.001560113043524325
894,0.0016739999409765005,0.0018988469382748008
895,0.0016775400144979358,0.0022517150500789285
896,0.0017255899729207158,0.0018760189414024353
897,0.0018392939819023013,0.0019029999384656549
898,0.0019616190111264586,0.0021257459884509444
899,0.0018556679133325815,0.001604133052751422
900,0.0020092850318178535,0.0014153160154819489
901,0.0026549469912424684,0.0014345849631354213
902,0.0020781949860975146,0.0018090009689331055
903,0.001663798000663519,0.0015721659874543548
904,0.001761471969075501,0.0017194959800690413
905,0.0015789130702614784,0.0016683089779689908
906,0.0015063880709931254,0.0018603340722620487
907,0.0013950259890407324,0.00289966503623873
908,0.0015520260203629732,0.0030033730436116457
909,0.0022304869489744306,0.004062548046931624
910,0.0015847530448809266,0.0018684150418266654
911,0.002017306978814304,0.00210436899214983
912,0.0016035320004448295,0.001975378952920437
913,0.0014641790185123682,0.0023981150006875396
914,0.001565455924719572,0.0017001620726659894
915,0.0014755009906366467,0.0016840900061652064
916,0.0016669409815222025,0.0018776620272547007
917,0.001599317998625338,0.0017982259159907699
918,0.0015800780383870006,0.0017332109855487943
919,0.0017137250397354364,0.0025005749193951488
920,0.001563092926517129,0.0036474710796028376
921,0.0017076770309358835,0.00353085994720459
922,0.001568036968819797,0.002376982942223549
923,0.001550055923871696,0.0021231210557743907
924,0.0015059899305924773,0.0024999970337376
925,0.0015991759719327092,0.0026754169957712293
926,0.0016808389918878675,0.0026675090193748474
927,0.0015326749999076128,0.0025744339218363166
928,0.001488187932409346,0.002167705912142992
929,0.0018071000231429935,0.0017535850638523698
930,0.003150045988149941,0.0017908959416672587
931,0.0023494450142607093,0.0015557060251012444
932,0.0020277240546420217,0.001526589971035719
933,0.0020983940921723843,0.0015661270590499043
934,0.0020220120204612613,0.002019903971813619
935,0.0014984930166974664,0.0020020209485664964
936,0.001527533051557839,0.0024301030207425356
937,0.002268946962431073,0.0020115849329158664
938,0.0019040999468415976,0.0015232498990371823
939,0.0019732670625671744,0.0016366810305044055
940,0.0023438790813088417,0.0015353149501606822
941,0.001786738052032888,0.0017211230006068945
942,0.0018968019867315888,0.0016570109874010086
943,0.003393374034203589,0.0016248429892584682
944,0.0034468829398974776,0.002489799982868135
945,0.004019749001599848,0.0021264790557324886
946,0.0039501519640907645,0.002428287989459932
947,0.0019814680563285947,0.0019164710538461804
948,0.0017623209860175848,0.00215792004019022
949,0.0026922739343717694,0.001816970994696021
950,0.0024195759324356914,0.0019384869374334812
951,0.001798056997358799,0.002375389914959669
952,0.0022912719286978245,0.0019605730194598436
953,0.0020061569521203637,0.002920767990872264
954,0.001669817022047937,0.0016917720204219222
955,0.0017660330049693584,0.0015539260348305106
956,0.0016150280134752393,0.0014544299338012934
957,0.0015418579569086432,0.0014760480262339115
958,0.0015185680240392685,0.0015970979584380984
959,0.0015306620625779033,0.001665295916609466
960,0.002050223061814904,0.0018568490631878376
961,0.0021743570687249303,0.002417476032860577
962,0.001605522003956139,0.0020022039534524083
963,0.0014312720159068704,0.0017973469803109765
964,0.0015348769957199693,0.0016133830649778247
965,0.0018216880271211267,0.001600246992893517
966,0.00159202900249511,0.0015371529152616858
967,0.0014652010286226869,0.001611516927368939
968,0.0014083589194342494,0.0015524879563599825
969,0.002103712991811335,0.0016149450093507767
970,0.0016365940682590008,0.001660563051700592
971,0.001932644983753562,0.002379582030698657
972,0.002246689051389694,0.002812650054693222
973,0.0019008010858669877,0.0019479569746181369
974,0.0015414180234074593,0.0016735889948904514
975,0.001559362979605794,0.0019126749830320477
976,0.001534324954263866,0.0015728070866316557
977,0.001490941969677806,0.001546054962091148
978,0.001661888905800879,0.0016166800633072853
979,0.002284410991705954,0.0024338960647583008
980,0.002204546006396413,0.0017581029096618295
981,0.0016684180591255426,0.0029402050422504544
982,0.0014938790118321776,0.001992588979192078
983,0.0016323659801855683,0.0017069759778678417
984,0.0015755729982629418,0.0016825069906190038
985,0.0015799370594322681,0.0015974550042301416
986,0.001536122988909483,0.0014968039467930794
987,0.0015783320413902402,0.0015475830296054482
988,0.001670034951530397,0.0018882990116253495
989,0.0018206620588898659,0.0023115279618650675
990,0.002386981970630586,0.0020108020398765802
991,0.0017705759964883327,0.0015302780084311962
992,0.001627999939955771,0.0017097459640353918
993,0.0014565589372068644,0.0016701460117474198
994,0.0015880420105531812,0.0015827890019863844
995,0.0016218519303947687,0.001634665997698903
996,0.0015129669336602092,0.0016746220644563437
997,0.0015392949571833014,0.002213261090219021
998,0.002291942946612835,0.0016263739671558142
999,0.0016814519185572863,0.0022549859713763
